Song,Artist,Lyrics
Imagine,Carbonne,Erreur lors de la requête
Position,Franglish,Erreur lors de la requête
Boucan (feat. Franglish),KeBlack,Erreur lors de la requête
Boucan (feat. Franglish),Franglish,Erreur lors de la requête
MAMI WATA,Gazo,Erreur lors de la requête
MAMI WATA,Tiakola,Erreur lors de la requête
Petit génie,Jungeli,Erreur lors de la requête
Petit génie,Imen Es,Erreur lors de la requête
Petit génie,Alonzo,Erreur lors de la requête
Gata Only,FloyyMenor,Erreur lors de la requête
Gata Only,Cris Mj,Erreur lors de la requête
Beautiful Things,Benson Boone,Erreur lors de la requête
Oh qu'elle est belle,Jul,Erreur lors de la requête
The Sound of Silence - CYRIL Remix,Disturbed,Erreur lors de la requête
The Sound of Silence - CYRIL Remix,CYRIL,Erreur lors de la requête
Temps en temps,Zola,Erreur lors de la requête
Temps en temps,Koba LaD,Erreur lors de la requête
i like the way you kiss me,Artemas,Erreur lors de la requête
Aucune attache,KeBlack,Erreur lors de la requête
Ceux qu'on était,Pierre Garnier,Erreur lors de la requête
Lose Control,Teddy Swims,Erreur lors de la requête
I love you,Dadju,Erreur lors de la requête
I love you,Tayc,Erreur lors de la requête
Tu connais,Werenoi,Erreur lors de la requête
Si No Estás,iñigo quintero,Erreur lors de la requête
Espresso,Sabrina Carpenter,Erreur lors de la requête
Stumblin' In,CYRIL,Erreur lors de la requête
Mélanine,Heuss L'enfoiré,Erreur lors de la requête
Mélanine,Werenoi,Erreur lors de la requête
Training Season,Dua Lipa,Erreur lors de la requête
Pyramide,Werenoi,Erreur lors de la requête
Faut pas,PLK,Erreur lors de la requête
Dolce Camara,Booba,Erreur lors de la requête
TEXAS HOLD 'EM,Beyoncé,Erreur lors de la requête
Houdini,Dua Lipa,Erreur lors de la requête
Michael Jordan,DA Uzi,Erreur lors de la requête
Maudit,Werenoi,Erreur lors de la requête
Bottega,Eva,Erreur lors de la requête
Saison 2,Kerchak,Erreur lors de la requête
Casanova,Soolking,Erreur lors de la requête
Casanova,Gazo,Erreur lors de la requête
Laboratoire,Werenoi,Erreur lors de la requête
FLASHBACK,Favé,Erreur lors de la requête
GARS DU ZOO,UZI,Erreur lors de la requête
Avec classe (feat. Aya Nakamura & Trinix),Corneille,Erreur lors de la requête
Avec classe (feat. Aya Nakamura & Trinix),Aya Nakamura,Erreur lors de la requête
Avec classe (feat. Aya Nakamura & Trinix),Trinix,Erreur lors de la requête
barcelona92,Green Montana,Erreur lors de la requête
I Don't Wanna Wait,David Guetta,Erreur lors de la requête
I Don't Wanna Wait,OneRepublic,Erreur lors de la requête
Overdrive (feat. Norma Jean Martine),Ofenbach,Erreur lors de la requête
Overdrive (feat. Norma Jean Martine),Norma Jean Martine,Erreur lors de la requête
La symphonie des éclairs,Zaho de Sagazan,Erreur lors de la requête
LOCO,GIMS,Erreur lors de la requête
X,Tiakola,Erreur lors de la requête
Too Sweet,Hozier,Erreur lors de la requête
Parapluie,Jeck,Erreur lors de la requête
Bolide allemand,SDM,Erreur lors de la requête
Back To Black,Amy Winehouse,Erreur lors de la requête
Ça mène à rien,PLK,Erreur lors de la requête
Beau (feat. Julien Doré),Joseph Kamel,Erreur lors de la requête
Chemin d'or,Werenoi,Erreur lors de la requête
Whatever,Kygo,Erreur lors de la requête
Whatever,Ava Max,Erreur lors de la requête
Du feu,Eva,Erreur lors de la requête
